date;retweets;text;hashtags;permalink
2017-12-08;0;"So # btc is going crazy while # Ripple # xrp sits at such a low price. Just remember folks, the horse that leads for much of the race is rarely the horse that wins.";"# # #";"https://twitter.com/Kriso444/status/938920062223835137"
2017-12-08;2;"I found this old article stating that Venezuela does not have enough money to pay for its money due to hyperinflation. This would be the perfect time to investigate adopting XRP Ripple as a national currency. that https://lnkd.in/gfENsHW";"";"https://twitter.com/AaronW2003/status/938919377868546048"
2017-12-08;1;"Read up on @ JoelKatz he said # XRP will have other use cases, created by a joint effort. i guessed who and what the use case would be. Katz hinted that it would have to be ground breaking...";"#";"https://twitter.com/fourthjohnxrp/status/938918982001745920"
2017-12-08;0;"Why? Xrp is basically banking today on the blockchain. Add in that ripple labs controls billions and their former ceo is selling his 5 bil";"";"https://twitter.com/bkunzi01/status/938918895590821889"
2017-12-08;1;"The thing is, in people‘s mind BTC is already live on its use case (‚store of value‘). XRP isn‘t - people just don‘t believe banks to really adopt the asset, although it has never been more likely in the past 4 years than today.";"";"https://twitter.com/TplusZero/status/938918442891141120"
2017-12-09;0;"Ripple Moves 55 Billion XRP Into Escrow to Calm Investors http://dlvr.it/Q53S4n pic.twitter.com/zLup7h33pr";"";"https://twitter.com/GrokTrade/status/939282727013990400"
2017-12-09;0;"Game changer for $ XRP! 55 billion XRP now in escrow https://ripple.com/insights/ripple-escrows-55-billion-xrp-for-supply-predictability/ … via @ ripple";"";"https://twitter.com/eboss2k9/status/939282437322010625"
2017-12-09;0;"Ripple Moves 55 Billion XRP Into Escrow to Calm Investors http://ift.tt/2kaZKhS pic.twitter.com/lyMDsz5mi2";"";"https://twitter.com/bitnewsbot/status/939281986736263169"
2017-12-09;0;"Ripple Price Leaps 13% After Company Escrows 55 Billion XRP https://coinotizia.com/ripple-price-leaps-13-after-company-escrows-55-billion-xrp/ …pic.twitter.com/oMCsdRHnaD";"";"https://twitter.com/coinotizia/status/939281940028575744"
2017-12-09;1;"A great day for # Ripple $ XRP which has now broken out of the $.22-$.245 range and is trading over $.25 with 13 percent growth in value today. As $ BTC could take a hit over the weekend with the future market launching, some money could end up headed to $ XRP https://www.cryptocoinsnews.com/ripple-price-leaps-13-company-escrows-55-billion-xrp/ …";"#";"https://twitter.com/CucksNBucks/status/939281658418810881"
2017-12-10;1;"https://youtu.be/5ikKTyFqsPI  great basic introduction to Ripple's real world time and cost saving # Technology. # xrp # Banking # howstuffworks # Finance # money # blockchain # cryptocurrency # Internet # SaturdayMotivationpic.twitter.com/rf4q5ZnYvL";"# # # # # # # # # #";"https://twitter.com/wayh285/status/939644236508606464"
2017-12-10;1;"I am being extra frank with you because you are looking for reassurances that NOBODY can give you. I want to make sure you know that. When the price of BTC or XRP drops, I get messages sent to me saying “people are going to die because of you.” Nobody can predict the future.";"";"https://twitter.com/haydentiff/status/939643530330492928"
2017-12-10;1;"Don’t worry, in the future 100 billion XRP won’t even feel like a lot. Just feel blessed you are buying now before the vast majority of mainstream people. $100 even $1000/XRP possible in a few years.";"";"https://twitter.com/statesupervisch/status/939641822430687232"
2017-12-10;0;"Ya. Lol. U don't have to psychologically separate # XRP from # Ripple. They already did that for us.";"# #";"https://twitter.com/2thebeens/status/939641014884560896"
2017-12-10;0;"You should stick to XRP related posts. I follow you to read News and tips related to XRP/Ripple. Why make predictions about others? Afraid of competition? You should't";"";"https://twitter.com/FabioRepp/status/939640724018094081"
2017-12-11;0;"i. invest also. i don't understand wich time xrp up";"";"https://twitter.com/BHAWANANAND1/status/940007675131191296"
2017-12-11;1;"When will # Ripple # XRP be offered on Coinbase / gdax?";"# #";"https://twitter.com/mafoilfield/status/940004909226844160"
2017-12-11;0;"Ripple XRP Current Price: $0.237461 1 Hour: 0.63 % | 24 Hours: -3.1 % | 7 Days: -6.82 %";"";"https://twitter.com/aWebAnalysis/status/940001202691100672"
2017-12-11;1;"Will they add Ripple XRP ? We'll see.. https://twitter.com/coinbase/status/939967689107193856 …";"";"https://twitter.com/CrypticKurd/status/939998634728394753"
2017-12-11;0;"Will banks themselves use the XRP tokens in the Ripple protocol, or rely on market makers or use p… by David Schwartz https://www.quora.com/Will-banks-themselves-use-the-XRP-tokens-in-the-Ripple-protocol-or-rely-on-market-makers-or-use-pure-IOUs/answer/David-Schwartz-9?share=92d7e48c …";"";"https://twitter.com/ntempleton42/status/939998591376015360"
2017-12-12;0;"MSI Air Boost RX56 Released @Newegg $599.99 https://www.reddit.com/r/MoneroMining/comments/7j54l3/msi_air_boost_rx56_released_newegg_59999/?st=JB2V13UB&sh=a69d918f … # BTC # LTC # ETH # ETC # XMR # MONERO # TOTHEMUTHERFUCKINGMOON # DOGE # DASHPAY # DASH # NEM # ZCASH # Ziftr # CRYPTOCURRENCY # crypto # XRP # RIPPLE # hodlnow # hodl.";"# # # # # # # # # # # # # # # # # # #";"https://twitter.com/hodlnow/status/940370548118425603"
2017-12-12;0;"Reddit now tracks user information by default. Link to the page to disable it. https://www.reddit.com/r/nem/comments/7j3wmc/reddit_now_tracks_user_information_by_default/?st=JB2UYQOF&sh=cbda00ff … # BTC # LTC # ETH # ETC # XMR # MONERO # TOTHEMUTHERFUCKINGMOON # DOGE # DASHPAY # DASH # NEM # ZCASH # Ziftr # CRYPTOCURRENCY # crypto # XRP # RIPPLE # hodlnow # hodl.";"# # # # # # # # # # # # # # # # # # #";"https://twitter.com/hodlnow/status/940370076741619713"
2017-12-12;0;"I once had my home Linux server hacked while I was away on winter holiday. # BTC # LTC # ETH # ETC # XMR # MONERO # TOTHEMUTHERFUCKINGMOON # DOGE # DASHPAY # DASH # NEM # ZCASH # Ziftr # CRYPTOCURRENCY # crypto # XRP # RIPPLE # hodlnow # hodl.https://www.reddit.com/r/AskReddit/comments/7j1ady/comment/dr3830u?st=JB2UVHYX&sh=8e4844b6 …";"# # # # # # # # # # # # # # # # # # #";"https://twitter.com/hodlnow/status/940369586016411649"
2017-12-12;0;"Ripple locks up 55 Billion XRP in Escrow to eliminate supply uncertainty https://buff.ly/2B5S6iY";"";"https://twitter.com/REIFreedom/status/940369371280629760"
2017-12-12;0;"De que sirve que @ Ripple sea la forma más rápida de pago, si quiénes tenemos $ xrp # xrp no ganamos dinero??? # Ripple and # xrp SUCKS. When $ xrp to the moon?";"# # #";"https://twitter.com/salluna13/status/940369280788463618"
2017-12-13;0;"If you have money laying around I suggest investing in the cryptocurrency Ripple XRP. It has increased in price by 40% today alone. Projected for huge gains in 2018 and is very cheap to buy into rn.";"";"https://twitter.com/PresidentDalton/status/940732919508799488"
2017-12-13;0;"Buy now before it's too late. # Ripple # XRP # Cryptocurrency";"# # #";"https://twitter.com/RippleStock/status/940732763594018816"
2017-12-13;0;"click this and check the result with header "Ripple XRP Kopen & Verkopen" which also has coinbase link http://bfy.tw/FXGv";"";"https://twitter.com/foobar177/status/940732555380363264"
2017-12-13;4;"Great day for # xrp. 2018 will be a big year for Ripple. # xrpthestandard";"# #";"https://twitter.com/RMullen4/status/940732472437952512"
2017-12-13;1;"Penche toi sur le XRP :) Ça commence à leaké. Et une fois officialisé ça va pumper # Ripple $ XRP pic.twitter.com/gM7dA5OOqW";"#";"https://twitter.com/Just1Box/status/940732406407090178"
2017-12-14;2;"Lmao. Yup pretty much. # xrp # Ripple # thestandardpic.twitter.com/ioPSAbBChT";"# # #";"https://twitter.com/2thebeens/status/941095350357540864"
2017-12-14;0;"Ripple Market Report: $ XRP Peaks to All Time USD High - http://wuweitactic.com/2017/12/ripple-market-report-xrp-peaks-to-all-time-usd-high/ …pic.twitter.com/u9xP9c84Qf";"";"https://twitter.com/WuWeiTaoist/status/941095317956677634"
2017-12-14;0;"Gostei de um vídeo @ YouTube http://youtu.be/XhZ29PDYmDk?aAn álise Completa | RIPPLE XRP | Crypto Analytic | Site de Análise Para";"";"https://twitter.com/Jucamilagre/status/941095264600903681"
2017-12-14;0;"Altcoin News – Electroneum, Ripple XRP, Privacy Coins, Verge, Krypto Kitties | # VentureCanvas - http://www.venturecanvas.com/2017/12/14/altcoin-news-electroneum-ripple-xrp-privacy-coins-verge-krypto-kitties-venturecanvas/ …pic.twitter.com/I5WV3xDvPv";"#";"https://twitter.com/budejicky/status/941095210473414657"
2017-12-14;1;"The sooner @ AliExpress_EN / Ali pay use @ Ripple or something similar the better. Hate the cross border fees!!! # XRP";"#";"https://twitter.com/GLawson25/status/941095201036148736"
2017-12-15;0;"I need save save that 50 cents for Ripple! # XRP";"#";"https://twitter.com/Sic_Headshotz/status/941457775590297600"
2017-12-15;0;"Buying and selling altcoins like Ripple (XRP) can be complicated and daunting for someone new to the cryptoverse. There are numerous exchanges and an overload of information. So, here’s a quick guide to help you get started with buying your first Ripple (XRP). I";"";"https://twitter.com/DTalkPodcast/status/941457741780054016"
2017-12-15;1;"I invite you to do a deep research about @ Ripple and # xrp . When you see the price by the end of this month you’ll realize this isn’t high at all.";"#";"https://twitter.com/SentiesC/status/941457739791904770"
2017-12-15;0;"Ripple/XRP are tackling a multi-trillion dollar problem. Market cap is irrelevant here.";"";"https://twitter.com/xrp_news/status/941457407129145344"
2017-12-15;0;"Oh the ripple affect, can't live without it!!! XRP -Mike";"";"https://twitter.com/CryptoLuvers/status/941457396622389249"
2017-12-16;4;"Volumeは順調に増加しています。volume増加してるのに単価が変わらないってことは他国で爆買いしてるかrippleが新たに売りさばいてるかということ。つまりこれから単価上がるってことね。 # xrp # ripple pic.twitter.com/EPzwqPXi9n";"# #";"https://twitter.com/Yamamu1717/status/941820084007313408"
2017-12-16;0;"All I see is an opportunity 2 get more # xrp on the cheap. And this is not a pump attempt. I genuinely hope it goes back down to .20 , was in the process of taking a larger position with # Ripple by moving some money from stock market. Unfortunately it took off while I was waiting.";"# #";"https://twitter.com/2thebeens/status/941819939358326784"
2017-12-16;0;"Etherium, Ripple & Litecoin on Bloomberg. Take from it what you will. # Crypto # xrp # eth # ltchttps://www.coindesk.com/ethereum-ripple-and-litecoin-have-arrived-on-bloomberg-terminals/ …";"# # # #";"https://twitter.com/CryptoKhan1/status/941819371688562688"
2017-12-16;0;"Ripple (XRP) price, charts, market cap, and other metrics | CoinMarketCap http://realusa.site/usa/posts/713157 …";"";"https://twitter.com/keiramidonse/status/941819022575681536"
2017-12-16;0;"All very exciting so long as they use XRP. Lot of marketing of RippleNet much not much mention of XRP adoption and use.";"";"https://twitter.com/ascelan/status/941819016426881024"
2017-12-17;0;"XRP OR NO??? Please state the truth ...";"";"https://twitter.com/Beau_Brinkley/status/942182531901861889"
2017-12-17;0;"It´s simply. You create account in http://cryptonator.com . There is about 15 some coins wallets with ripple(XRP). You sent BTC, LTC or ETH to the wallet in cryptonator and then you exchange this coins for XRP. So, then you can sent min.20 XRP to activate to your ripple wallet.";"";"https://twitter.com/majstertrener/status/942182369699778561"
2017-12-17;0;"Ripple XRP Goes Mainstream l Road to $1 https://fb.me/1dw1cvoja";"";"https://twitter.com/E_HawkinsJr/status/942181468767473664"
2017-12-17;0;"Ripple price – why has XRP spiked, where can you buy the cryptocurrency and how does it work? | # VentureCanvas -http://www.venturecanvas.com/2017/12/17/ripple-price-why-has-xrp-spiked-where-can-you-buy-the-cryptocurrency-and-how-does-it-work-venturecanvas/ …";"#";"https://twitter.com/budejicky/status/942181226911289344"
2017-12-17;0;"Looks like exchanges might be running out of supply’s ! # xrp # ripple # bch # btc # ethpic.twitter.com/okSbid1xzS";"# # # # #";"https://twitter.com/1980SteveH36/status/942180952373112832"
2017-12-18;0;"Anyone have thoughts on Ripple $ XRP";"";"https://twitter.com/Cryptotrader50/status/942544314273542145"
2017-12-18;1;"Okay last $ Ark bit of info. If you happen to have bought some, vote and get paid just for holding the coins...Still long # Ripple # XRP but this has Ripple like potential https://twitter.com/calidelegate/status/942537346339233793 …";"# #";"https://twitter.com/KingRippleXRP/status/942544307839426560"
2017-12-18;0;"Here is where to buy Ripple (XRP)! • r/CryptoAlerts • r/CryptoCurrency http://realusa.site/usa/posts/768402 …";"";"https://twitter.com/albetrp4zuy/status/942544224150609920"
2017-12-18;0;"I told you I came from the future to save retail traders get ready for the dip on # xrp if your le a true xrp believer and not on the bandwagon you'll be looking to add more to the core position # ripple # cryptopic.twitter.com/cKoOvy31f6";"# # #";"https://twitter.com/Mjayprofits/status/942543934189862915"
2017-12-18;0;"Ripple $ XRP price: $0.729168 Trade on Binance with 50% discount trading fee http://binance.com/?ref=10078236 $ ADA $ GBYTE $ COVAL $ XST $ DGD $ FCT $ GAME $ GRC $ ZEN $ INCNT $ ADT $ AUR $ NEO $ PKB $ POT $ SHIFT $ STORJ $ SAFEX $ SALT $ GUP $ CND $ VOISE $ FLDC $ REP $ SPHR $ UNO $ QASH $ ARK $ KMD";"";"https://twitter.com/FoxHODL/status/942543888312500225"
2017-12-19;0;"Ripple Price Technical Analysis – XRP/USD Short-term Correction http://realusa.site/usa/posts/778386 …";"";"https://twitter.com/Usrenam68742778/status/942907136933289984"
2017-12-19;9;"SWIFT is used as an economic weapon. It’s the only access point for international banking. @ swiftcommunity is a walled garden that @ Ripple plans to eviscerate. # xrpthestandard $ XRP";"#";"https://twitter.com/haydentiff/status/942906982163472384"
2017-12-19;1;"Big news for $ xrp # ripple https://www.ccn.com/euro-bank-swissquote-adds-four-altcoins-trading-platform/ …";"#";"https://twitter.com/babkaassenova/status/942906751451648000"
2017-12-19;0;"Ripple $ XRP price: $0.785052 Trade on Binance with 50% discount trading fee http://binance.com/?ref=10078236 $ ADA $ GBYTE $ COVAL $ XST $ DGD $ FCT $ GAME $ GRC $ ZEN $ INCNT $ ADT $ AUR $ NEO $ PKB $ POT $ SHIFT $ STORJ $ SAFEX $ SALT $ GUP $ CND $ VOISE $ FLDC $ REP $ SPHR $ UNO $ QASH $ ARK $ KMD";"";"https://twitter.com/Leenax19/status/942906405337546752"
2017-12-19;1;"Euro Bank Swissquote Adds Four Altcoins to Trading Platform https://www.ccn.com/euro-bank-swissquote-adds-four-altcoins-trading-platform/ … $ xrp $ xrp # ripple";"#";"https://twitter.com/Alt_Capital/status/942905807644979225"
2017-12-20;0;"Ripple XRP Information, Price tag Predictions and Forecast for 2018 http://votyus.me/usb/posts/726681 …";"";"https://twitter.com/natellaspc/status/943269710434533376"
2017-12-20;1;"Ripple $ XRP price: $0.792545 Trade on Binance with 50% discount trading fee http://binance.com/?ref=10078236 $ ADA $ GBYTE $ COVAL $ XST $ DGD $ FCT $ ETH $ GRC $ ZEN $ INCNT $ ADT $ AUR $ BTC $ PKB $ POT $ SHIFT $ STORJ $ LTC $ SALT $ GUP $ CND $ VOISE $ FLDC $ REP $ SPHR $ UNO $ QASH $ ARK $ KMD";"";"https://twitter.com/ZoeyChibbi/status/943269524861677569"
2017-12-20;0;"Rumours spreading as wildfire. Partnerships that will happen in 2018? Your opinion. $ XRP # RIPPLE # Crypto # cryptocurrency BUY $ XRP # RIPPLE ! GLOBAL!";"# # # #";"https://twitter.com/jptosca74/status/943269505416998914"
2017-12-20;0;"Viva XRP";"";"https://twitter.com/Allen64926881/status/943268953454993408"
2017-12-20;0;"Some fun speculation, if you invested $10,000 Dec 16 https://www.xrpchat.com/topic/13971-some-fun-speculation-if-you-invested-10000-dec-16/?do=findComment&comment=148533 … # XRP # Ripple # BTC # LTC # ETH";"# # # # #";"https://twitter.com/ntempleton42/status/943268951852687361"
2017-12-21;0;"Is there any place for both XRP and XLM in the market?";"";"https://twitter.com/fabvernagallo/status/943632047213633536"
2017-12-21;0;"Today's big investment was in!! # ReddCoin # RDD # xrp # ripple # XVG # verge # Bitbean # BITB # Bittrex # cryptocurrency # litecoin # ltc Invest in thousands compared to 1 coin!";"# # # # # # # # # # # #";"https://twitter.com/ThornCoins/status/943632036736139264"
2017-12-21;0;"Buy # BTG # ripple # xrp";"# # #";"https://twitter.com/easysoftz/status/943631950803238912"
2017-12-21;0;"How different is XRP from XLM?";"";"https://twitter.com/fabvernagallo/status/943631918280691718"
2017-12-21;0;"Anything specific you are doing in terms of XRP Ledger capability to increase XRP liquidity?";"";"https://twitter.com/Dizer_Y/status/943631850962063360"
2017-12-22;0;"People who say that # xrp cant go up to 10 or even 100 Dollar are the same like those who said it will never get to 1$ in 2017.";"#";"https://twitter.com/cryptonairsclub/status/943994441316143105"
2017-12-22;0;"Markets Down as # Ripple # Price Achieves $1.15: Amid a see of red, Ripple ( # XRP) surges on… https://goo.gl/fb/QbZoS7";"# # #";"https://twitter.com/SimonBergmans/status/943994415735033856"
2017-12-22;0;"They are so great!!";"";"https://twitter.com/kieranmlkelly/status/943994391877902338"
2017-12-22;0;"Thank you ripple # XRP";"#";"https://twitter.com/CoinHeadHudson/status/943994391076786176"
2017-12-22;0;"xrp cannot be stopped... # xrp # ripple # mooninghttps://twitter.com/Ripple/status/943982253960339456 …";"# # #";"https://twitter.com/jam_crypto/status/943994285480845312"
2017-12-23;0;"Ripple Analysis, Future Forecasts - Is it worth HODLing XRP? http://realusa.site/usa/posts/852933 …";"";"https://twitter.com/yanik1mi/status/944356784264884224"
2017-12-23;0;"Ripple Analysis, Future Forecasts - Is it worth HODLing XRP? http://realusa.site/usa/posts/852932 …";"";"https://twitter.com/tscharieelv/status/944356781932900352"
2017-12-23;2;"Wow, thankfully I was out but just seen the biggest tree shake in crypto, some poor suckers got reckt, if you're holding don't worry this is normal just hold on to fundamentals # xrp # ripple. 2018 will be epic";"# #";"https://twitter.com/woodaldo7/status/944356752094527488"
2017-12-23;0;"Why can’t you buy ripple/xrp directly? And what’s the best wallet to use for it? Can it be bought with usd’s from a bank card? # cryptocurrency";"#";"https://twitter.com/ericmass_/status/944356514168496128"
2017-12-23;0;"I meant to reply regarding the regulatory issues but I had to get the other stuff out of the way first. Ripple (company backing XRP) has already been picked up by major banks all over the world and have offices on the international scale. They're looking to replace Swift.";"";"https://twitter.com/cmnd_ctrl/status/944356375009873920"
2017-12-24;1;"XRP market cap bashers # Ripple # XRP # XRPthestandard # ripplenews # Crypto # ripplexrp # XRPChat # RippleNetpic.twitter.com/bAnvOtjGEL";"# # # # # # # #";"https://twitter.com/IEXpaul1993/status/944718808098443264"
2017-12-24;0;"Krypto Börsencrash... nur das Ding ist das die alle wieder steigen werden und die steigen auch schon die ganze Zeit weiter.. es kommt darauf an ob man mit CFD‘s handelt sprich traden oder ob man z.b XRP (ripple) kauft und dann später wieder verkaufen.. Langzeit Investitionen";"";"https://twitter.com/SimonKullen/status/944718247013900289"
2017-12-24;1;"Why is it so hard to buy XRP? http://ift.tt/2D4Zusu # ripple # xrp";"# #";"https://twitter.com/MGWVhaiku/status/944718110405419009"
2017-12-24;0;"Binance showing Ripple (and everything else) much lower than what it should be... http://ift.tt/2BZ7vjz # ripple # xrp";"# #";"https://twitter.com/MGWVhaiku/status/944718108429832192"
2017-12-24;0;"RT @ hamiltonlegal_: It is # Ripple # XRP that has pushed my portfolio forward. And # VergeCoin # XVG has been on . On the hunt for more Awesome Alts! # cryptocurrency # hodlpic.twitter.com/PqhJQKLtO1";"# # # # # #";"https://twitter.com/NeoMutualInsure/status/944717847422529536"
2017-12-25;0;"Ripple $ XRP price: $1.037940 Binance has over 2 million users! Join us! http://binance.com/?ref=10078236 $ BTC $ ENG $ VET $ AST $ LMC $ POWR $ ENJ $ LEO $ MYB $ RCN $ WINGS $ ETP $ BBR $ SWIFT $ INK $ FAIR $ WABI $ GVT $ EXP $ CREA $ RBY $ SBD $ WCT";"";"https://twitter.com/annadinh920/status/945081535568535554"
2017-12-25;0;"Something I've been being attacked for saying for days now... $ XRP isn't Ripple.";"";"https://twitter.com/jamesweeksii/status/945081193627779072"
2017-12-25;0;"Ripple Price Forecast: XRP Is the Only Bright Spot in Cryptos http://votyus.me/usb/posts/827069 …";"";"https://twitter.com/Usrenam53467560/status/945081137600303104"
2017-12-25;0;"Ripple Price Forecast: XRP Is the Only Bright Spot in Cryptos http://votyus.me/usb/posts/828351 …";"";"https://twitter.com/terrellwbtpav/status/945081102112382976"
2017-12-25;6;"Ripple doesn’t want your trust. $ XRP isn’t Ripple. Tech companies will most likely eliminate banks, while using the @ Ripple network. # XRPthestandard";"#";"https://twitter.com/haydentiff/status/945080978749366272"
2017-12-26;0;"Happy holiday. Wishing # XRP GOING UP TO $1000 USD end of 2017";"#";"https://twitter.com/aamah99/status/945443224981610496"
2017-12-26;0;"XRP already exploded. Who may explode is Stellar. Also banks DO NOT use XRP and NEVER will. So XRP is NOT related to Ripple companies partnership with banks.";"";"https://twitter.com/SayHiToUrMom/status/945442909066858502"
2017-12-26;0;"Ripple Price Forecast: XRP Is the Only Bright Spot in Cryptos http://votyus.me/usb/posts/856247 …";"";"https://twitter.com/zainishinikume/status/945442357675163648"
2017-12-26;2;"quelle monnaie seras la plus rentable en 2018 ! # Ripple # XRP # LTC # Litecoin";"# # # #";"https://twitter.com/DALVOytb/status/945442330496159744"
2017-12-26;0;"Poised to Breakout, Ripple (XRP) Is Back Over $1.00 | # VentureCanvas -http://www.venturecanvas.com/2017/12/26/poised-to-breakout-ripple-xrp-is-back-over-1-00-venturecanvas/ …";"#";"https://twitter.com/budejicky/status/945441909551529984"
2017-12-27;0;"0x0bb62F7328cC32266d7af6F2f6667611F766B214";"";"https://twitter.com/tulinaoariel/status/945806407080833025"
2017-12-27;0;"Even if # Ripple has gone up in price it is still at an ideal level for the investment since the price is around $ 1 which can allow people to make small investments of 100 units for a low price which would be $ 100. # xrp";"# #";"https://twitter.com/Recep5888/status/945806325539328000"
2017-12-27;0;"quand le # Ripple # XRP ce democratiseras";"# #";"https://twitter.com/DALVOytb/status/945805057546706945"
2017-12-27;34;"The $1.00 $ XRP sale is over. If you want the best digital asset ever you can still get it for a little more. But hurry, $1.50 $ XRP is just around the corner. Do not miss out on this low price! # XRPthestandard @ Reverend_Ripple # XRP_Believerpic.twitter.com/CCSH3WwCW2";"# #";"https://twitter.com/rjr13579/status/945804951426547713"
2017-12-27;0;"Ending the year with a bang ! # xrp ripple # TRX # XVG $ xvghttps://twitter.com/blockchainrobby/status/945804237623169024 …";"# # #";"https://twitter.com/Alviwinz/status/945804498164953089"
2017-12-28;0;"Follow you r4ku9r8BYikejHx5U6HF9iEBw5zV2vh3FC";"";"https://twitter.com/UpdateAirdrop/status/946168772309610496"
2017-12-28;0;"It's practically there, and Q1 hasn't even begun. # XRPthestandard # ripple # xrp https://twitter.com/CryptoRefer/status/946166677946826752 …";"# # #";"https://twitter.com/CryptoShant/status/946168693645443072"
2017-12-28;0;"Ripple is indeed entirely about digital fiat. Their system is based on a money-as-debt principle. Every token that you pass around on the network (beside XRP) is literaly an IOU from another account. The worth of that token is directly tied to the trust you place into orgin acc.";"";"https://twitter.com/devastingbtc/status/946168631028727808"
2017-12-28;0;"Any good info source on events ripple will attend in 2018 ? European Events That is # xrp # ripple # xrp 2018 # xrpthestandard # XRP # Ripple";"# # # # # #";"https://twitter.com/necar31/status/946168603384131590"
2017-12-28;0;"Today, in his latest interview to Bloomberg, Ripple CEO, Brad, mentioned that he is going after liquidity between # XRP and all other fiat currencies such as Mexican Peso. Clearly, Coinbase will not only just add # XRP, but provide fiat conversions directly as well. Just HODL IMO";"# #";"https://twitter.com/tattooparrot/status/946168589685489664"
2017-12-29;0;"Very briefly ripple is the company that sells blockchain software. Their digital asset, is known as XRP that can be used to make the process even quicker and cheaper. U can buy from a variety of exchanges kraken, bitstamp, poloniex, etc.";"";"https://twitter.com/velardir/status/946530727985860609"
2017-12-29;0;"XRP/USD: 1.25600 // 24h range: 1.10000-1.29980 # xrp # ripple";"# #";"https://twitter.com/XrpTicker/status/946530617935589379"
2017-12-29;1;"Ripple $ XRP dominance: 9.92%";"";"https://twitter.com/cryptoboy_nick/status/946530460288479232"
2017-12-29;1;"great ceo of great xrp ripple.....! I have always faith on you guys!";"";"https://twitter.com/buned_cuyno/status/946530420694310912"
2017-12-29;1;"Why Ripple XRP Will Make Investors Very Wealthy https://fangalbert.com/2017/12/28/why-ripple-xrp-will-make-investors-very-wealthy/ … via @ albyfangs";"";"https://twitter.com/albyfangs/status/946530369343438849"
2017-12-30;0;"What’s ripple?invest Btc Xrp eth bch ada ltc iota xem dash xmr xlm eos Btg neo qtum etc bcc lsk trx xvg realestate … https://www.pscp.tv/w/bRV88zYyNTI1NTN8MWRqR1hNcG5aYU9KWtenwyDU7NevD7G4aclWJ4UqAkQFTtjl8ineRO_BgOO1 …";"";"https://twitter.com/ronorr/status/946893543326363648"
2017-12-30;0;"Something like this happens in 2018 for Ripple $ XRP. The CEO is for real and not a kid in a basement wearing Unicorn T-shirts $ ETH # ripple https://twitter.com/scryptocalypse/status/946890229339877382 …";"#";"https://twitter.com/stockspotify/status/946893472665042945"
2017-12-30;0;"TLDR; how to buy/invest in Ripple (XRP) Register on coinbase - https://www.coinbase.com/join/59e11c704b403e00d104ab1d … Buy ETH with your cc/bank Register on binance - https://www.binance.com/?ref=15099860  Transfer ETH to binance from coinbase (takes a while, couple hours right now) Buy XRP on binance with ETH balance pic.twitter.com/tVYHuuVoFF";"";"https://twitter.com/scarfino/status/946893388573564929"
2017-12-30;0;"XRP (Ripple) kostar just nu $2,21 USD, dvs har gått upp med 52.57 % idag!";"";"https://twitter.com/Nyemissioner/status/946893305874395136"
2017-12-30;0;"We proud to ripple team working very smart, and as comunity we must know we have to do,buy accumulate,hold for galaxy bring bright future together # xrp";"#";"https://twitter.com/Rendi71518245/status/946893303407976449"
2017-12-31;1;"Let’s be honest, right now @ Coinbase needs # Ripple $ XRP and # Monero $ XMR more than XRP and Monero need Coinbase.";"# #";"https://twitter.com/CyberpunkWayne/status/947255826279993345"
2017-12-31;0;"Oh please don't talk about unbanked! The unbanked already pay premium for all cryptos including ripple. # xrp would not serve the unbanked whatsoever. It just sounds only like digital cash nothing more. All that said, I did trade # xrp but adoption? nope!";"# #";"https://twitter.com/AlyptoVilency/status/947255817702662144"
2017-12-31;0;"Xrp nodes aren’t paid for their hosting efforts, and without providing a real identity the other hosts can effectively ignore them. How is it a full node if there is no threshold of these nodes that could change the issuance of ripple? Simple: xrp validators are not full nodes";"";"https://twitter.com/heezyneezy/status/947255774404857856"
2017-12-31;0;"Buy and hold XRP # putoelquevendaXRP @ Ripple";"#";"https://twitter.com/AePorras/status/947255769963159558"
2017-12-31;0;"A centralized bank coin is now the 2nd largest cryptocurrency, good job everyone! (self.CryptoCurrency) ( @ Ripple, # XRP) https://www.reddit.com/r/CryptoCurrency/comments/7n3mxz/a_centralized_bank_coin_is_now_the_2nd_largest/ …";"#";"https://twitter.com/__prince1909/status/947255689319206912"
2018-01-01;0;"Happy New yYear, as at midnight in Europe # XRP # Ripple takes over 2nd cryptospot from # ETH # ethereum and # XVG # Verge surges to 20 cents again up 61% today. Great start";"# # # # # #";"https://twitter.com/vjburns/status/947618276485615616"
2018-01-01;0;"Ripple may be a great blockchain-based tech for banks, but the valuation of its XRP token reflects the unlikely hope it becomes a global reserve cryptocurrency (Kyle Samani/Forbes) Kyle Samani / Forbes: Ripple may be a great blockchain-based tech for b… http://ift.tt/2lyG9IX";"";"https://twitter.com/livestream95134/status/947618229287116800"
2018-01-01;0;"Ripple may be a great blockchain-based tech for banks, but the valuation of its XRP token reflects the unlikely hope it becomes a global reserve cryptocurrency (Kyle Samani/Forbes) Kyle Samani / Forbes: Ripple may be a great blockchain-based tech for b… http://ift.tt/2lyG9IX";"";"https://twitter.com/HomRenvL4M4S7/status/947618202737152000"
2018-01-01;0;"Ripple may be a great blockchain-based tech for banks, but the valuation of its XRP token reflects the unlikely hope it becomes a global reserve cryptocurrency (Kyle Samani/Forbes) Kyle Samani / Forbes: Ripple may be a great blockchain-based tech for b… http://ift.tt/2lyG9IX";"";"https://twitter.com/DUILaw60089/status/947618190372364288"
2018-01-01;0;"Ripple may be a great blockchain-based tech for banks, but the valuation of its XRP token reflects the unlikely hope it becomes a global reserve cryptocurrency (Kyle Samani/Forbes) Kyle Samani / Forbes: Ripple may be a great blockchain-based tech for b… http://ift.tt/2lyG9IX";"";"https://twitter.com/DUIAtty78753/status/947618188472315909"
2018-01-02;1;"XRP .. the game starts again .. hold your coin .. don't sell # xrp # ripple";"# #";"https://twitter.com/fa_madridista/status/947980684504780800"
2018-01-02;4;"Wow # Ripple # XRP spikes from $2.34 to $2.39 on Coin Market Cap. # RippleXRP Stay tuned to Ripple Hourly News for further developments.";"# # #";"https://twitter.com/RippleHourly/status/947980449401528325"
2018-01-02;0;"XRP on a nice little slope (: # Ripple # XRP # Cryptopic.twitter.com/iXCLd9CHoW";"# # #";"https://twitter.com/naugie_b/status/947980363892187137"
2018-01-02;2;"Top 7 coins I'm holding. Join me on # Binance https://www.binance.com/?ref=17327802 # Ripple # XRP # Coinbase # Vergecurrency # verge # WraithProtocol # wraith # POE # FUN # TRON # TRX # TNB # LENDpic.twitter.com/WH8iY2vMbS";"# # # # # # # # # # # # # #";"https://twitter.com/TheBitcoinBLK/status/947980239212294144"
2018-01-02;1;"Great first Day of the year for us in the UK. # xrp # ripple is back above $2.00 XRP/USD First day of # daytrading tomorrow so wish us luck";"# # #";"https://twitter.com/rippleboy42/status/947980196195512321"
2018-01-03;0;"*What I am holding for 2018* Ripple XRP Stellar XLM Tron TRX DogeCoin DG";"";"https://twitter.com/Naturlig2121/status/948343099113246721"
2018-01-03;0;"How to buy ripple. CNBC post it http://ift.tt/2lIp4MQ # ripple # xrp";"# #";"https://twitter.com/MGWVhaiku/status/948342933312491520"
2018-01-03;0;"Airbnb growth # Investing # marketing # realestate # crypto # stocks # ripple # xrp # btc # ltc # eth # investments # stellarhttps://www.pscp.tv/w/bRrCvDYyNTI1NTN8MWpNSmdkd21ybFd4TNHolhNZy2Fb9iaphlL8MIUgLzAdIQqiv7qg0sSmmNbc …";"# # # # # # # # # # # #";"https://twitter.com/ronorr/status/948342861858193408"
2018-01-03;1;"Lost millions learning how to not fuck up..and sometimes I still fuck up...so just keep piling # XRP and you'll be fine :) # Crypto isn't easy, and you have to know when to go back to your fundamentals when it counts.";"# #";"https://twitter.com/ToshiDesk/status/948342708703252480"
2018-01-03;0;"Wow CNBC is pumping $ XRP is it good for us ripple # hodlers? Bought some more just in case. Thanks for the pump anyways.https://twitter.com/cnbc/status/948309593632989186 …";"#";"https://twitter.com/19Tevfik03/status/948342655720869891"
2018-01-04;0;"XRP is a token in the ripple network. Banks wont use XRP to transact. They can create their own IOUs on the ripple network as well for free . So XRP is not needed not wanted by banks";"";"https://twitter.com/lorcacons/status/948705532159946752"
2018-01-04;1;"I think I’ll resume my position # ripple # XRP who would have ever thought pic.twitter.com/58bdBAtr1i";"# #";"https://twitter.com/Travistar/status/948705521267179520"
2018-01-04;0;"In this case, Ripple software would be the internet of money and XRP, the world currency! https://twitter.com/twobitidiot/status/948621710542229504 …";"";"https://twitter.com/KingCryptos/status/948705511762989056"
2018-01-04;1;"ripple xrp - For the Newbies that missed it. Did you know - In November, Ripple announced that American Express (NYSE:AXP) and Banco Santander's U.K. unit were teaming up to use Ripple's blockchain in a real-world payment scenario";"";"https://twitter.com/Crawfords2012/status/948705501298266113"
2018-01-04;0;"Sweet !!! I just quit my job this morning (thx @ Ripple) - I'd love some more # XRP xrp://rL4fPHi2FWGwRGRQSH7gBcxkuo2b9NTjKK https://twitter.com/ThatCryptoKid/status/948686941783912448 …";"#";"https://twitter.com/rxhector/status/948705456838426624"
2018-01-05;0;"I'm fairly certain Ripple and the Tangle tech do indeed have a bright future. But please can you explain to me what use XRP is. Ripple could and should cash out now. They are funded. They no longer need us and our chump change to develop their system. The banks will buy it.";"";"https://twitter.com/OB1CoinNoobie/status/949067890774495232"
2018-01-05;0;"Mark Zuckerberg is 'studying' cryptocurrency # Investing # marketing # crypto # realestate # ripple # xrp # btc # ltc # eth …https://www.pscp.tv/w/bR1l3DYyNTI1NTN8MWVhS2JxUVlFTkJ4WM8Lpqa0zjk3NEItanfPRHhOEGIxNgY2j-shAWNqDtin …";"# # # # # # # # #";"https://twitter.com/ronorr/status/949067772062973952"
2018-01-05;0;"Ripple price dips as Coinbase rumor doused (XRP BTC) http://bitfeed.890m.com/ripple-price-dips-as-coinbase-rumor-doused-xrp-btc-2/ …pic.twitter.com/6q8uGGHnWQ";"";"https://twitter.com/bitfeedium/status/949067647160897537"
2018-01-05;0;"Ripple price dips as Coinbase rumor doused (XRP BTC) http://bitfeed.890m.com/ripple-price-dips-as-coinbase-rumor-doused-xrp-btc/ …pic.twitter.com/ANeBxTSZIe";"";"https://twitter.com/bitfeedium/status/949067628861120512"
2018-01-05;1;"rippleはXRPをdeaentralizedだと言っているので、解釈次第ですね。";"";"https://twitter.com/eddie_GTR_xrp/status/949067320344784897"
2018-01-06;0;"People buying # XRP # Ripple pic.twitter.com/kZ4IQY5cx5";"# #";"https://twitter.com/iTolj/status/949430066869686272"
2018-01-06;0;"Ripple xrp glad am out with profit, gambling is a mugs game, good luck to you lot, too the moon ..xrpi out! Been... https://fb.me/8VzYSWpJz";"";"https://twitter.com/cardiobeats/status/949430049031294976"
2018-01-06;0;"Right now it so happens that majority of value is transferred through banks, big FI's, if that changes in the future, the network can adapt. No matter where/how value is transferred in the future, it will transfer quickest/easiest with Ripple Network + $ XRP as bridge/liquidity /2";"";"https://twitter.com/Lord_of_Crypto/status/949429970362761216"
2018-01-06;0;"Dou you think # Ripple $ XRP is crippled or is this just another chance to load your bags? # crypto # cryptocurrency # CryptoCurrencies # CryptoNews # btc # ltc # xvg # xmr # eth # poll";"# # # # # # # # # # #";"https://twitter.com/CryptoCTeam/status/949429686555369473"
2018-01-06;0;"I agree. Beautiful thing about Ripple network is it's built to move value all over the world in the fastest, cheapest, most scalable way. With $ XRP as a bridge currency with most liquidity. /1";"";"https://twitter.com/Lord_of_Crypto/status/949429653374091265"
2018-01-07;0;"Coinbase desmiente rumores sobre # Ripple $ XRP y la criptomoneda pierde 20% http://elcriptografo.com/2018/01/05/coinbase-ripple-desmiente-rumores/ …";"#";"https://twitter.com/ElCriptografoES/status/949792550872903680"
2018-01-07;0;"I liked a @ YouTube video http://youtu.be/IrsrJccbhDA?a  Ripple XRP latest update, He Traded His XRP- Ripple In 2018 For Pizza! Was It Worth";"";"https://twitter.com/Im_Monski/status/949792492542709761"
2018-01-07;1;"Ripple Claims 3 Big Money Transfer Firms Will Use XRP in 2018 - Coindesk http://dlvr.it/Q99Nc5 pic.twitter.com/BPz4VRcPNS";"";"https://twitter.com/NesterTweets/status/949792264477466624"
2018-01-07;0;"You need to do your research before you can have a solid argument on this. Banks using # xrp means releasing trillions of dollars currently tied up in nostro accounts. Freed up cash can then be put to work rather than just sitting there. This is the main selling point of # xRapid";"# #";"https://twitter.com/Kriso444/status/949792153185738752"
2018-01-07;0;"Hey @ haydentiff is this what your idea of freedom is with # xrp # ripple # xrpthestandard ? its going to be standard alright. Even when they can turn on or off your ripple chip https://twitter.com/cryptoyoda1338/status/949786446357032962 …";"# # #";"https://twitter.com/EnlightenedOneX/status/949792050798456832"
2018-01-08;0;"He’s probably trying to figure out where to buy # Ripple # XRP";"# #";"https://twitter.com/XRPHODLER/status/950154769187950592"
2018-01-08;1;"Best tweet I have seen in a while :) # Ripple # XRP https://twitter.com/therippletrader/status/950114294015897600 …";"# #";"https://twitter.com/XRPHODLER/status/950154499016069120"
2018-01-08;0;"Ripple $ XRP may feel like that but it really isn't. I think its just taking a well deserved rest. Nothing goes straight up forever. There is an article referencing $ XRP mgmt & strategy I think will happen next.";"";"https://twitter.com/stockspotify/status/950154433698156545"
2018-01-08;0;"$XRP Finally 4 PM fast approaching It's a new day 01.08.2018 Team SBI # Ripple PEACE & Prosperity awaits Let's GO Buzz Light Year # ILP # DLT FYIBreakthrough Technology # Cross Border Payments Potential $41 Trillion Markethttps://twitter.com/DDRANTE/status/950068237588295681 …";"# # # #";"https://twitter.com/DDRANTE/status/950154414567825408"
2018-01-08;0;"Keep an eye on your xrp http://www.coinliker.com/cryptocurrency/ripple-EdSk …";"";"https://twitter.com/tomskiweb/status/950154246460248064"